,Country Name,Country Code,1990,1991,1992,1993,1994,1995,1996,1997,1998,1999,2000,2001,2002,2003,2004,2005,2006,2007,2008,2009,2010,2011,2012,2013,2014,2015,2016,2017,2018,2019
0,Afghanistan,AFG,2378.97,2233.77,1387.77,1341.29,1289.89,1240.29,1175.7,1098.2,1040.0,813.3,760.22,734.838,1033.63,1218.707,1034.607,1552.011,1764.18,1771.41,3564.64,4877.97,7106.15,8928.59,8079.43,5987.05,4879.64,5946.69,5303.53,4782.88,6066.78,6075.23
1,Angola,AGO,6564.2,6674.6,6877.3,9269.8,11298.33,12719.68,15442.5,16155.1,16768.1,17613.42,16204.36,15956.0,15689.7,16764.9,17453.7,15811.4,16558.7,16966.5,19275.4,21145.1,22801.6,23865.9,23868.1,26958.8,29629.8,31649.0,29764.9,24247.2,23957.1,25212.9
2,Albania,ALB,5984.6,4057.6,2217.33,2056.08,2073.5,1928.51,1943.71,1467.7,1793.91,2974.32,3166.09,3234.2,3761.9,4065.8,4249.3,4033.4,4014.6,4138.3,4084.7,4215.6,4449.7,4852.7,4359.2,4435.8,4820.4,4620.1,4477.1,5144.8,5107.0,4829.2
3,Andorra,AND,406.704,406.704,406.704,410.368,406.704,425.024,454.336,465.328,490.976,512.96,523.952,523.952,531.28,534.944,560.592,575.248,545.936,538.608,538.608,516.624,516.624,490.976,487.312,476.32,461.664,465.328,468.992,465.328,494.64,501.848
4,United Arab Emirates,ARE,55211.8,61564.8,59703.9,63621.9,70781.9,75169.0,78530.8,81443.0,83451.3,85681.5,84730.9,97198.1,99147.7,103822.0,110008.8,116455.1,121563.8,131832.9,156045.6,157021.0,162790.1,165601.3,175594.4,184470.2,184764.4,195243.1,201080.8,197036.6,177124.3,188858.6
5,Argentina,ARG,100323.4,105915.0,107929.3,110262.5,111913.7,112892.2,122550.0,126122.9,132673.2,134505.6,132268.3,125258.1,117465.0,127656.0,141375.9,145992.0,154903.7,162806.1,167225.2,156566.2,167225.0,176638.1,177960.0,183250.4,179598.2,185547.3,183158.1,179323.9,176895.3,168095.3
6,Armenia,ARM,19845.2,20689.6,10895.2,5039.3,2736.51,3507.2,2577.0,3340.7,3470.6,3112.3,3561.0,3602.0,3118.7,3495.4,3763.8,4460.9,4489.2,5204.4,5685.5,4510.8,4336.6,4937.1,5716.5,5501.5,5479.0,5343.4,5066.7,5371.3,5712.2,6169.6
7,Antigua and Barbuda,ATG,212.8,216.3,287.3,254.7,251.6,269.2,278.2,294.5,323.8,326.8,328.8,351.3,389.1,405.9,395.4,406.4,438.7,459.7,476.0,1394.3,490.4,537.5,696.9,473.5,477.2,491.0,501.3,501.2,509.8,516.1
8,Australia,AUS,263625.7,264756.3,268398.4,273052.5,280175.1,290184.1,300808.9,307847.5,328619.1,333711.6,339446.6,345645.0,353371.3,352581.1,365808.0,370090.6,375489.1,385746.1,388935.6,395289.3,387536.3,386375.3,386965.7,380278.3,371633.6,377795.2,384991.7,389163.3,387066.7,386526.6
9,Austria,AUT,58272.5,62420.1,57664.8,57800.8,58285.0,61180.0,64899.8,64217.8,64669.9,63051.9,63532.3,67911.3,69367.9,74461.6,75795.8,76236.6,74099.3,71242.5,70729.7,64416.3,69960.0,68271.5,65107.1,65747.0,62048.9,63238.3,63684.5,65856.3,63061.9,64766.3
10,Azerbaijan,AZE,53483.7,52059.4,63614.1,48052.4,33515.3,32474.9,27193.3,26489.6,26490.5,26122.2,27687.2,26397.2,26177.6,28569.4,28311.9,30043.5,30488.4,27627.7,30447.6,25495.9,24311.9,27282.1,30110.7,30939.6,32243.4,31773.3,32239.3,31957.0,32728.1,35508.0
11,Burundi,BDI,171.8,215.1,184.0,193.3,193.5,199.7,206.2,209.0,215.6,228.0,256.3,200.3,208.1,164.4,152.8,154.3,178.0,181.6,185.0,182.2,304.7,361.89,366.25,386.52,375.52,401.65,443.65,525.74,685.12,720.72
12,Belgium,BEL,109312.6,113960.1,112329.3,110108.3,114901.4,114568.7,119448.4,116634.7,119412.8,115514.5,117274.6,118339.8,110850.2,115502.1,114022.7,110610.8,108645.6,104587.3,106934.1,99666.1,106722.3,96482.2,95270.0,96586.3,90137.3,95131.8,94222.7,92723.8,93660.3,93008.5
13,Benin,BEN,330.11,273.51,282.61,287.29,280.34,302.07,973.49,1236.54,1214.7,1340.5,1424.5,1735.1,2177.3,2443.2,2646.4,2899.6,3471.4,3998.2,4017.6,4417.2,4825.1,4652.6,4444.7,4676.4,5186.1,5505.6,6739.0,6874.2,7424.1,7300.3
14,Burkina Faso,BFA,501.8,511.3,517.5,530.1,542.8,566.82,633.4,690.65,757.62,887.59,941.13,965.53,964.03,1043.08,1055.04,1064.59,1240.48,1406.42,1700.6,1727.8,2293.0,2460.3,2944.5,3131.8,3176.7,3700.3,3703.5,4271.0,4670.2,5003.8
15,Bangladesh,BGD,11523.73,10830.76,11823.48,12568.4,13543.45,16554.48,16825.3,18970.9,19249.5,20105.5,21650.8,25779.0,27434.7,28629.8,30527.5,32710.8,35902.8,37992.3,41580.8,44750.0,50579.5,54422.2,57993.8,60595.7,63829.4,72194.0,74384.4,79344.4,83445.8,90736.5
16,Bulgaria,BGR,73605.7,58826.5,55364.1,55925.2,53724.0,54882.8,55301.7,52994.6,50477.5,44322.0,43421.1,46185.6,43599.9,47933.3,47265.7,47985.6,48954.8,52598.7,50039.3,42907.8,44740.6,49637.6,45023.1,39660.7,42054.4,44556.5,41586.7,43884.8,40898.2,39143.1
17,Bahrain,BHR,10737.46,10346.53,12272.25,13066.22,13372.03,13535.88,14154.98,14415.78,15488.92,15450.88,15876.5,16386.32,17221.48,17944.11,17927.3,20693.7,22485.4,23001.0,24762.2,24717.1,25965.7,26017.6,27174.2,28853.0,30282.7,30579.7,30304.6,30518.4,30809.5,33256.7
18,"Bahamas, The",BHS,1964.8,2036.7,2566.1,2093.2,2066.1,2201.1,2068.7,1865.3,2355.4,2322.3,2225.1,2219.9,2401.5,2380.2,2253.9,2109.5,2101.1,2118.1,2202.3,6165.0,2083.8,2571.9,3548.6,2809.1,2522.3,2210.5,2044.3,2175.0,2802.5,2836.1
19,Bosnia and Herzegovina,BIH,23965.6,21441.0,15966.67,13403.99,3162.67,3369.47,4188.03,8493.0,10760.7,10516.1,13955.1,13763.7,14556.0,14871.4,15571.7,16225.4,17910.2,18888.5,20761.2,20589.7,20842.5,23738.2,21960.2,21847.8,19493.7,19615.5,22341.1,22676.0,22600.1,21066.9
20,Belarus,BLR,99830.0,96217.8,87990.4,76424.4,64809.8,57640.6,58651.5,59174.6,57256.5,54954.4,52941.9,51883.8,51843.3,52703.9,56039.4,56779.6,59121.1,57648.9,60531.7,57402.3,61674.7,58550.8,59938.3,59990.2,59496.8,54820.3,55142.4,56005.0,58947.6,57672.2
21,Belize,BLZ,331.9,431.3,502.9,465.4,450.0,463.6,361.0,461.0,452.4,408.8,447.3,525.4,522.2,506.5,440.8,469.7,508.4,534.3,495.3,1464.3,557.0,669.0,667.4,457.9,484.3,676.0,652.4,644.4,631.6,639.8
22,Bolivia,BOL,10412.6,10874.6,11154.2,10201.5,9518.7,8579.5,8285.0,9122.2,8665.2,8223.6,8210.0,8047.5,8301.4,9084.6,9487.5,10052.9,11234.5,12084.4,13107.4,14004.5,15170.9,16614.8,17421.8,18742.2,20409.9,20757.5,22010.2,22745.7,23225.6,22340.7
23,Brazil,BRA,197897.4,205475.3,207865.4,215259.5,222497.5,241283.8,262414.0,281334.9,290587.1,300958.7,313670.7,319375.6,317756.4,310808.0,328517.3,331689.0,335624.5,352555.8,373633.0,350000.8,397931.0,418305.3,454232.8,486844.6,511617.9,485344.0,447077.2,456494.7,433988.8,434297.9
24,Barbados,BRB,982.92,979.83,1178.65,995.94,1029.98,1071.9,1062.77,1164.02,1266.2,1304.1,1241.0,1313.8,1372.0,1383.6,1363.9,1416.1,1466.6,1481.2,1780.4,4617.7,1552.9,1763.65,2121.42,1441.17,1270.47,1267.07,1288.57,1176.67,1235.77,1249.97
25,Brunei Darussalam,BRN,3260.3,3384.5,3585.4,3928.1,4265.1,4600.7,4827.2,5225.2,4517.9,4433.0,4717.9,4708.8,4620.1,5515.5,5103.0,4991.3,7520.7,7143.2,7912.4,7874.3,7170.8,7332.7,7299.4,7208.8,7080.3,6397.7,6968.5,7290.1,7540.0,6986.2
26,Bhutan,BTN,84.0,128.61,121.46,128.36,136.58,162.53,196.56,193.29,196.28,203.31,213.94,231.1,241.12,260.44,289.73,321.23,323.68,321.98,297.65,322.4,397.74,591.0,642.7,666.9,704.1,767.8,930.7,968.6,1051.7,1053.8
27,Botswana,BWA,2807.4,2734.7,3298.3,3249.7,3080.1,3189.8,2915.9,3066.0,3682.2,3858.5,4033.8,3865.6,4026.7,3915.0,3970.3,4278.6,4086.9,4319.8,4392.7,4186.58,3371.7,3883.337,3414.335,5421.539,6988.912,6952.812,6629.312,7334.412,7314.7,7252.5
28,Central African Republic,CAF,147.6,141.6,151.1,157.1,160.3,163.4,166.7,166.6,227.1,236.5,242.5,252.5,249.3,230.4,225.7,223.9,234.2,237.6,171.3,168.0,174.6,194.3,198.4,121.6,131.5,185.7,207.6,223.7,230.3,242.6
29,Canada,CAN,419492.4,413298.8,426367.5,422048.0,436764.7,448046.1,461700.8,476816.0,484792.0,494278.6,514215.2,506616.0,524353.5,544541.9,536417.4,549032.8,540525.7,571632.2,550469.8,521316.0,537008.2,549286.5,546208.1,555658.9,561677.0,558700.8,556827.6,568082.4,580088.0,580212.8
30,Switzerland,CHE,43326.5,45666.8,45702.6,43452.0,42593.0,43439.4,44006.0,42748.3,44247.3,44528.1,43708.8,45154.7,43573.3,44839.5,45283.9,45850.7,45479.3,43541.2,44962.5,43668.6,45207.8,41192.3,42516.6,43531.2,39793.3,39090.8,39666.5,38699.0,37481.3,37376.3
31,Chile,CHL,30516.8,29301.5,30324.6,32320.2,35643.1,38972.0,44896.3,51285.2,52013.7,54430.3,50424.5,48425.1,49121.4,50200.6,54972.1,55968.9,57148.1,64574.0,67991.6,65450.6,69750.1,76470.5,78412.6,82998.5,76560.3,82225.4,86492.0,87072.2,86606.1,91369.4
32,China,CHN,2173364.0,2302185.0,2418175.0,2645412.0,2767667.0,3088620.0,3070505.0,3134113.0,3236279.0,3153661.0,3346526.0,3529081.0,3810057.0,4415913.0,5124817.0,5824625.0,6437470.0,6993183.0,7199605.0,7719071.0,8474923.0,9282554.0,9541867.0,9984572.0,10006670.0,9861100.0,9874656.0,10096010.0,10502930.0,10707220.0
33,Cote d'Ivoire,CIV,2705.4,2791.5,2772.1,2957.3,3093.6,3365.1,4053.6,4972.6,4989.7,6831.4,6489.4,6494.3,6838.9,5307.5,5466.1,5876.5,5698.7,5657.8,6474.7,6031.2,6350.6,6118.3,8037.7,8692.4,9196.9,9805.7,9593.5,10563.8,10194.8,10833.4
34,Cameroon,CMR,2900.0,6966.0,6846.6,5766.8,4619.2,4679.4,4755.4,4862.3,5040.5,4788.3,5209.1,5156.7,5133.2,5206.0,5122.6,5016.3,5091.6,6131.5,6393.5,7032.3,7014.3,6811.1,6876.3,7545.9,8248.2,8461.4,9078.1,9172.5,9587.5,9429.1
35,"Congo, Dem. Rep.",COD,3179.0,1737.9,1482.42,1896.19,2208.23,2110.94,2271.34,2269.97,2275.74,2094.98,1634.93,1565.44,1650.1,1998.6,1939.7,2208.7,2282.7,2472.8,2553.3,2502.7,2653.9,3016.9,2827.3,3959.5,5136.1,3231.4,2421.14,2845.0,3121.9,3209.8
36,"Congo, Rep.",COG,3201.95,3194.22,3128.97,2691.09,2055.2,2635.41,3168.94,3267.123,3876.8,3962.9,4348.186,4244.6,2755.9,3225.6,3515.3,4314.23,4779.06,4151.62,4361.49,4839.56,5424.45,5384.97,5261.65,5330.11,5194.7,5655.7,5498.3,5407.4,6486.7,7256.9
37,Colombia,COL,48727.9,50437.0,52514.6,55880.5,56785.0,59313.3,58646.8,64190.4,64443.9,55397.9,58341.7,58942.3,56767.0,56108.9,56112.1,57636.9,57688.7,59176.7,59782.2,62008.6,63564.3,69097.1,69695.2,76863.2,79201.5,80227.7,82684.5,74989.1,78592.3,81039.1
38,Comoros,COM,65.3,68.5,70.1,73.1,74.7,77.8,79.4,84.1,92.1,96.8,104.7,109.5,109.5,139.3,152.8,146.9,172.1,111.7,114.0,140.3,167.6,150.0,161.1,193.7,173.2,187.2,219.2,280.6,304.1,320.2
39,Cabo Verde,CPV,96.6,101.3,108.1,110.9,113.7,123.6,140.8,145.1,159.7,188.8,218.0,245.0,278.5,307.1,334.4,441.1,502.4,459.7,475.4,510.0,540.0,567.1,529.0,506.0,500.3,503.4,546.0,587.8,612.6,645.3
40,Costa Rica,CRI,2871.2,3061.6,4148.5,4180.9,4850.5,4809.8,4526.9,4493.9,5015.3,5034.0,4946.7,5420.6,5523.2,5797.4,5943.5,6273.8,6556.9,7601.5,7515.2,7198.3,7105.4,7430.4,7446.5,7778.3,7831.9,7537.9,8080.4,8255.1,8371.1,8238.1
41,Cuba,CUB,35621.6,27418.0,21771.8,20152.3,21719.4,23175.5,25203.4,27448.2,27112.5,27998.5,28353.1,27465.1,26423.5,25628.6,25364.8,26317.9,26780.2,27677.5,26747.1,26979.6,28110.0,27586.3,28690.9,28869.7,26688.7,29212.4,27174.2,26242.1,26710.7,25910.9
42,Cyprus,CYP,4591.2,5109.0,5479.7,5735.8,5977.9,5848.0,6211.3,6304.9,6610.0,6871.1,7127.7,6992.1,7168.5,7834.1,7778.8,7900.8,7999.4,8307.1,8490.7,8276.1,7898.4,7634.6,7098.8,6427.7,6811.8,6851.9,7219.2,7361.2,7198.6,7193.2
43,Czechia,CZE,150203.1,136901.7,134140.7,130982.2,124707.2,125179.8,126740.5,124791.4,118920.8,111945.8,123167.5,122721.4,118527.5,122765.7,123437.5,119994.9,120598.3,123624.7,118305.1,111165.1,112251.3,109172.8,106073.4,101150.7,97510.1,99140.8,101730.0,101831.8,100899.7,96285.2
44,Germany,DEU,955307.7,932548.1,892817.4,887057.0,875897.1,874659.4,904337.4,872646.5,865253.7,833594.9,830284.1,847678.2,833382.2,836794.5,821073.6,802383.2,814413.1,783803.0,789690.4,734805.5,773069.1,746477.3,760127.7,776151.8,736011.7,742314.4,747147.2,732204.2,707700.7,657401.0
45,Djibouti,DJI,273.4,287.4,303.6,304.9,294.7,315.1,295.3,330.9,393.4,392.8,372.4,375.7,398.9,413.3,395.0,428.9,432.6,469.9,474.0,465.0,518.4,475.2,495.8,562.79,404.77,464.85,416.95,416.92,403.32,420.02
46,Dominica,DMA,61.1,61.2,82.5,75.8,77.6,95.1,76.1,100.2,105.2,111.7,131.8,151.8,122.7,136.7,155.3,160.1,171.1,179.9,184.3,503.3,181.6,179.2,247.6,171.6,180.2,181.2,182.9,166.0,165.7,167.8
47,Denmark,DNK,52085.6,62795.5,57034.0,59363.8,63195.4,59999.2,73343.9,63648.1,59710.1,56728.2,52601.8,54245.2,53839.5,59233.8,53727.3,50201.7,58133.9,53411.3,50127.5,47933.4,48124.7,43097.9,38216.1,39960.6,35819.6,33695.4,35321.7,33132.2,33131.2,29696.2
48,Dominican Republic,DOM,7860.7,8229.6,9620.4,9520.4,11138.3,11844.7,12728.5,14502.8,16616.1,17794.0,18670.6,18983.7,20884.1,18725.2,17282.2,18690.8,20368.5,20626.8,20581.3,19657.2,20680.8,20913.9,21681.5,21287.2,21450.7,23590.5,24593.5,23551.3,25308.0,27233.3
49,Algeria,DZA,62937.4,66428.9,66845.0,72219.8,73607.0,76441.1,76124.7,74434.0,74649.8,77506.0,80047.6,78646.1,82404.8,88189.5,89493.3,94188.4,99809.3,102750.7,107746.2,112172.7,114179.9,120785.4,134934.9,139024.9,147736.1,156273.9,154906.2,158335.3,165539.0,171249.6
50,Ecuador,ECU,15422.5,15740.3,16845.2,16952.7,18803.9,20917.7,23997.5,24953.4,24469.7,21614.2,22051.3,24251.4,24172.2,24655.6,26177.5,28220.1,30126.1,30635.7,31687.8,34498.3,37253.8,37096.5,37085.1,39701.0,41801.1,41524.2,39808.5,38551.5,40138.6,39293.3
51,"Egypt, Arab Rep.",EGY,87745.8,89370.0,90903.9,92662.3,87901.2,93722.7,98940.6,106058.0,110982.8,116535.7,114614.8,126704.8,129441.6,133020.7,144504.2,162217.5,170745.4,183396.0,189935.5,197660.8,200313.6,205767.6,215001.4,213856.9,219121.7,226277.5,231230.9,242225.4,247913.7,249367.1
52,Eritrea,ERI,0.0,0.0,437.8,633.0,733.56,799.67,873.72,827.57,614.55,649.82,636.69,696.62,679.85,688.78,682.2,599.93,523.57,513.82,446.41,468.33,500.65,569.99,621.04,637.33,648.32,648.1,659.5,722.87,851.7,875.3
53,Spain,ESP,214950.6,222099.7,232369.6,218079.8,228452.7,240567.3,230113.2,248603.1,256215.5,278300.5,293314.3,294786.8,312753.3,318657.7,335560.3,350499.8,341776.3,354683.1,324274.2,287490.3,273254.2,274396.8,269265.6,242805.6,240960.8,256283.1,247033.3,263450.5,257042.8,239977.8
54,Estonia,EST,35283.8,31539.8,23821.2,18338.8,17816.1,16258.3,17198.7,16772.0,16237.6,15294.6,14916.5,15384.1,14952.7,16938.3,17023.1,17232.8,15983.9,19982.2,18398.1,15046.1,18997.0,18170.8,16886.7,19316.5,17939.4,15538.3,15990.5,16707.7,15324.3,10175.4
55,Ethiopia,ETH,2310.7,2333.1,1517.2,1941.3,2261.4,2574.7,2870.5,3058.4,3227.6,3176.6,3557.0,4401.3,4571.5,5022.4,5334.2,5049.5,5404.8,5963.5,6487.7,6534.5,6473.2,7539.3,8478.4,10081.0,12341.4,12892.5,14966.6,15818.2,17244.6,18359.3
56,Finland,FIN,54562.8,55132.7,52280.5,53461.8,59927.6,56092.5,62574.4,60624.0,57265.6,56509.9,55097.5,61088.1,63439.7,71708.1,67682.9,55460.2,67024.9,65102.7,56660.1,54180.9,62526.4,55123.4,49408.1,50191.3,46161.7,42815.4,45700.3,43015.4,44581.3,40706.8
57,Fiji,FJI,688.18,683.25,715.55,702.29,703.43,714.67,766.8,747.11,729.05,754.32,807.98,1040.32,884.54,1047.03,1466.93,1288.79,1383.73,1262.21,965.92,970.39,1163.82,1112.5,1030.17,1133.6,1288.84,1383.25,1520.57,1654.91,1627.57,1632.37
58,France,FRA,356237.9,380651.3,368589.7,349415.6,344404.4,352239.1,367896.6,359073.5,381110.3,374896.6,373116.8,376727.3,371018.2,376705.7,377785.5,380655.1,371547.0,362828.2,357990.2,343733.5,347778.1,335139.7,338418.6,338555.7,306100.5,311300.8,313921.8,317828.8,307049.9,300515.6
59,"Micronesia, Fed. Sts.",FSM,0.0,0.0,106.4,108.0,112.6,117.4,119.1,124.6,130.1,130.1,134.4,151.3,141.2,155.8,159.7,164.0,144.2,138.5,120.9,134.5,111.9,117.7,128.9,137.3,142.3,148.3,173.6,175.5,174.7,175.2
60,Gabon,GAB,4099.02,4556.36,4531.68,4654.84,4615.41,5210.94,5805.86,5564.83,6389.09,6027.69,6079.8,6225.55,5955.2,6436.2,6090.8,6058.1,5437.0,4941.01,5272.37,5199.98,5758.49,5776.74,5601.87,5790.37,5962.05,6116.1,6420.0,5333.1,5122.3,5245.5
61,United Kingdom,GBR,561774.2,570681.3,557885.3,541376.1,535182.9,526807.8,545477.8,524190.9,526000.3,522752.3,530888.0,545262.0,530785.7,543036.9,543075.7,540916.8,542060.7,530502.3,515335.5,466492.3,482441.2,445591.6,467780.3,453761.3,415599.3,401078.5,380811.8,367002.4,360734.7,348921.9
62,Georgia,GEO,33488.3,25505.9,20072.9,16093.7,10443.86,8177.32,6363.3,5518.89,4990.37,4522.2,4772.8,3516.2,2958.4,3157.2,3373.1,4243.1,4701.3,5626.6,4838.8,5624.3,5322.1,6521.8,7193.0,7837.4,8469.2,9201.1,9651.9,9725.8,9568.7,10113.2
63,Ghana,GHA,2794.0,2564.6,3076.7,3188.1,3463.8,3714.0,4093.5,4295.1,6099.7,6576.1,5737.9,6209.6,7431.7,7140.0,6680.7,7044.3,8505.0,9115.3,8659.0,10013.3,11192.4,11748.2,14614.4,15633.4,15089.3,15778.2,16069.8,17013.8,18675.1,20040.6
64,Guinea,GIN,996.3,1022.3,1052.2,1081.9,1119.1,1158.7,1227.7,1286.8,1361.2,1432.1,1490.9,1565.4,1627.6,1703.4,1769.0,1834.0,1901.0,1977.1,2011.5,2121.8,2499.5,2623.1,2484.7,2176.9,2243.3,2540.1,2823.3,3340.5,3752.5,3954.6
65,"Gambia, The",GMB,194.0,197.6,197.6,206.6,206.7,216.4,219.4,228.7,244.7,259.6,244.2,308.0,298.9,298.6,317.3,332.6,360.7,413.2,432.0,489.6,438.7,452.3,461.0,439.1,516.0,529.0,533.2,541.0,548.3,577.4
66,Guinea-Bissau,GNB,171.5,172.7,177.1,184.7,183.2,184.5,176.7,196.8,172.3,191.4,146.6,147.9,153.3,194.6,205.0,209.3,216.6,229.7,223.5,234.3,240.7,243.6,247.5,249.4,265.6,283.9,306.9,308.3,315.0,330.8
67,Equatorial Guinea,GNQ,63.4,66.5,895.8,959.4,1032.1,1095.5,1194.0,1653.8,1972.0,3233.8,2215.4,3401.8,4630.8,5010.1,6201.6,8321.9,9372.4,8538.3,9777.3,9711.9,9949.4,9992.3,9819.4,9183.9,7907.5,6567.5,6655.1,5795.4,6428.7,5351.8
68,Greece,GRC,75619.4,75818.0,78176.9,78090.9,79730.8,82834.5,82753.7,83761.7,87127.2,87395.5,94460.6,96607.8,96596.2,100216.6,99844.6,101947.3,100702.8,104309.9,100405.6,94740.2,87578.5,84547.2,80085.3,72484.2,69548.7,68010.2,66848.6,66795.5,65021.2,59996.8
69,Grenada,GRD,112.0,118.9,165.0,148.3,155.3,171.0,189.0,201.6,224.1,224.0,208.9,226.1,244.5,251.2,233.3,246.0,260.1,275.1,290.7,806.4,288.0,306.7,413.1,317.5,253.9,273.0,277.9,288.2,321.1,325.0
70,Guatemala,GTM,3932.0,4031.5,4828.5,5108.4,5432.5,6353.1,6185.9,6550.3,8286.1,8199.3,9417.6,9814.3,10468.7,10542.9,10754.7,11528.7,11521.2,12410.1,11240.3,11852.3,11442.3,11736.4,12145.2,13004.6,13947.1,16335.3,17490.3,16573.8,18318.0,19313.0
71,Guyana,GUY,1171.9,1144.2,1080.7,1087.0,1413.1,1530.6,1580.0,1722.2,1747.6,1735.8,1660.3,1643.8,1621.9,1617.8,1671.7,1481.6,1332.8,1605.2,1603.7,1627.2,1759.3,1831.6,2000.8,1975.6,2063.389,2079.93,2478.6,2473.8,2587.1,2846.2
72,Honduras,HND,2453.7,2454.6,2734.2,2900.7,3252.1,3868.5,3904.6,4036.7,4679.0,4745.2,4987.2,5800.1,6087.8,6726.2,7557.8,6973.6,7974.5,8536.1,8587.1,8072.9,8181.3,8814.1,9238.1,9371.3,9464.9,9930.2,9465.3,9263.9,10048.8,10219.6
73,Croatia,HRV,20341.4,14744.9,15036.6,15541.2,14871.4,15457.1,15257.8,17073.6,18532.0,18518.6,18040.4,19203.0,20281.7,21613.9,21099.7,21453.0,21605.3,22879.0,21731.3,20308.9,19460.3,19031.6,17409.0,17010.6,16236.4,16602.3,16876.8,17407.9,16433.4,16523.3
74,Haiti,HTI,1020.42,1001.6,901.01,694.5,189.0,902.3,1058.2,1274.2,1310.0,1381.7,1473.3,1600.5,1827.2,1810.3,1666.8,1704.8,1718.8,2045.4,2029.3,1991.4,2458.2,2697.54,2415.34,2650.86,3021.14,3280.44,3364.54,3326.24,3289.74,3317.34
75,Hungary,HUN,67421.0,64552.2,58001.9,58382.4,57784.3,57431.3,58454.9,56990.1,57353.3,57910.5,54633.3,56280.4,55599.9,58186.9,56349.8,55921.2,55457.5,53850.4,53014.2,47839.1,47880.5,46907.3,43427.2,40762.6,40625.2,43384.1,44248.4,46435.2,46396.0,46382.3
76,Indonesia,IDN,148531.5,162401.2,171506.5,185087.0,199175.5,223678.5,236716.8,261156.6,262704.8,279482.7,280645.1,302064.2,305642.4,333887.5,341244.7,342147.9,364466.9,379956.5,376137.7,391082.6,415516.5,475314.4,481506.1,447942.0,483911.9,488548.0,482508.0,517323.6,576991.5,619840.7
77,India,IND,563577.2,607225.8,626294.3,651351.7,685903.4,737856.8,774070.6,819269.2,836270.2,901325.6,937858.7,953537.6,985453.6,1011771.0,1085667.0,1136467.0,1215206.0,1336737.0,1424383.0,1564881.0,1659983.0,1756744.0,1909443.0,1972430.0,2147108.0,2158024.0,2195249.0,2320405.0,2451927.0,2456301.0
78,Ireland,IRL,30961.5,31466.7,31505.4,31653.6,32818.7,33448.2,34821.2,35972.5,38419.0,39973.3,42533.5,44815.3,43929.8,44086.8,44687.6,46650.5,47263.3,46355.8,45780.1,40564.6,40188.5,36681.3,37127.9,35709.3,35525.3,37063.0,38824.8,37778.5,37661.7,35750.9
79,"Iran, Islamic Rep.",IRN,198468.7,219098.1,233647.8,236725.9,266693.9,271516.5,279808.9,292395.5,290994.9,323358.0,340453.4,354065.9,369873.4,389774.0,417657.4,450792.6,484175.8,514139.9,523045.3,542294.2,541168.0,552047.8,559119.1,583700.1,605352.8,599180.4,607211.9,626423.1,637429.0,630014.4
80,Iraq,IRQ,64206.0,45545.1,67338.2,89561.9,102115.8,100068.6,98880.6,118909.8,91783.6,72713.9,87630.0,97552.8,91164.3,81277.6,88107.7,85127.4,82957.5,76649.6,88135.7,94204.9,108549.6,113039.1,129003.3,139102.6,134044.8,133168.4,142232.6,155082.6,163150.1,174558.5
81,Iceland,ISL,1947.46,1913.98,1944.8,1983.65,2090.64,2001.14,2266.72,2153.97,2153.38,2115.39,2225.44,2163.29,2243.77,2226.41,2319.29,2289.35,2333.65,2382.97,2182.63,2108.0,1959.124,1888.35,1859.9,2031.8,2047.5,2057.5,1630.7,1672.5,1695.8,1636.3
82,Israel,ISR,33805.9,34523.6,36857.3,40504.6,43361.2,46775.3,48734.1,50967.4,51504.7,52983.6,56997.3,57952.5,61080.6,62925.5,63159.9,61012.4,64331.0,66597.9,66708.0,65727.7,70520.3,69822.8,76063.2,67002.5,64717.8,66142.0,64980.2,65613.7,61076.7,62650.3
83,Italy,ITA,405262.0,404074.1,402274.3,396927.9,392285.5,416415.0,412153.5,415517.3,426372.2,433010.6,436296.6,436571.4,443473.1,462197.8,472404.8,473831.8,466654.5,459371.1,444984.5,397057.1,405272.3,396687.4,376747.2,346458.3,327498.0,337862.1,333344.8,329193.3,324884.2,317238.6
84,Jamaica,JAM,7466.8,7405.3,8145.3,8323.9,8378.4,8679.6,9044.4,9197.9,9724.7,9980.0,10065.0,10083.0,10248.1,10593.7,10571.8,10563.5,12059.6,12023.1,9619.0,7879.4,7476.7,7532.6,6959.0,7402.3,7191.3,7088.7,7573.9,7218.7,8611.0,8394.4
85,Jordan,JOR,9934.0,9781.2,11925.3,12203.8,12994.3,13604.1,13868.3,14373.6,14616.0,14630.8,16268.1,16250.9,16873.5,17309.8,18580.9,19869.0,20167.0,21090.3,20009.0,20665.0,20196.8,20756.3,24123.3,23803.7,25553.1,25309.1,24824.0,26153.8,24777.0,24627.5
86,Japan,JPN,1090534.0,1103984.0,1115059.0,1107610.0,1160780.0,1171012.0,1184674.0,1172630.0,1130307.0,1165316.0,1182607.0,1170384.0,1206595.0,1214947.0,1209849.0,1212821.0,1189524.0,1225069.0,1158222.0,1100984.0,1156480.0,1213515.0,1253614.0,1262775.0,1217119.0,1179445.0,1167792.0,1155235.0,1116153.0,1081572.0
87,Kazakhstan,KAZ,237250.9,246366.0,253841.5,219244.9,199168.8,175236.4,153393.3,132238.8,135836.3,122647.4,120149.7,117441.2,131064.2,146139.1,158026.5,169214.3,185296.0,198389.5,242035.0,213614.3,229700.1,245452.6,244596.7,260013.3,209227.8,190726.9,202152.6,214582.5,216604.8,212107.9
88,Kenya,KEN,6137.2,5892.3,5954.7,5864.2,5866.8,6367.4,6967.9,6640.1,7161.8,7485.2,8320.4,7614.8,7420.9,6528.7,7436.0,8324.6,9298.9,9367.8,9910.4,11708.7,12640.8,13034.5,12150.0,14103.7,15148.9,17214.1,19113.3,18984.0,17493.8,22281.7
89,Kyrgyz Republic,KGZ,22762.3,20422.9,13803.2,10114.8,6547.1,4598.9,5772.8,5693.4,6035.9,4790.8,4670.6,3966.7,4968.7,5585.8,5557.6,5302.5,5320.8,6469.7,7507.6,6761.9,6352.7,7623.8,10057.7,9379.5,9707.6,10267.6,9700.8,9429.2,11247.7,10046.7
90,Cambodia,KHM,1260.416,1304.384,1348.352,1384.992,1481.907,1470.8,1529.8,1640.6,1882.2,1907.1,1963.0,2152.6,2210.9,2378.2,2377.8,2657.5,2963.0,3660.73,4055.5,4745.0,5140.8,5363.7,5673.9,5737.6,6947.2,8432.6,11066.4,12686.4,14578.0,16177.4
91,Kiribati,KIR,23.1,23.7,24.1,27.9,26.0,28.8,33.2,30.6,31.3,31.9,34.8,33.1,42.1,44.9,53.0,69.2,74.2,60.8,63.0,57.7,53.9,53.9,57.5,63.9,60.6,62.1,67.8,87.2,86.6,86.9
92,St. Kitts and Nevis,KNA,110.8,112.6,154.5,138.3,146.7,154.0,154.5,162.9,181.5,183.5,190.6,206.1,234.3,227.1,235.9,219.6,231.9,246.2,246.0,702.8,241.3,278.6,339.7,227.5,228.7,238.0,245.0,243.5,245.8,248.8
93,"Korea, Rep.",KOR,247675.8,274792.7,297049.9,327604.4,354277.1,385406.0,409990.3,431637.6,366567.2,401878.5,456657.0,471532.6,463004.7,465698.9,485909.6,481002.1,487852.1,503693.8,514924.5,526639.5,575215.7,598480.8,600316.3,599601.4,588088.6,607827.1,615882.2,626626.8,630638.3,610788.5
94,Kuwait,KWT,29127.4,7823.19,23045.0,30740.6,36668.3,36245.8,35625.5,37303.0,42130.9,45739.1,49835.1,53186.0,55590.7,58117.2,61914.2,69906.9,72434.3,70596.3,75844.2,77651.6,80723.1,83288.9,85314.2,87361.6,85573.7,89020.2,91549.3,90727.0,91387.5,92648.2
95,Lao PDR,LAO,512.96,545.936,595.573,610.268,638.32,674.952,781.461,826.369,852.378,878.108,903.07,997.81,1105.48,1151.44,1211.21,1257.28,1642.8,1734.3,2048.2,2537.5,2877.1,3043.0,3271.9,4160.8,4344.5,8875.9,15702.2,19054.5,19357.8,18709.9
96,Lebanon,LBN,5622.1,7039.89,7021.4,10326.3,11274.4,13304.9,14123.6,16127.5,16255.4,17035.0,15672.8,16890.9,16836.2,17414.9,17879.3,17278.9,16233.7,15039.6,18646.0,21902.7,20864.3,21175.1,23470.1,23244.5,25151.0,27014.1,27811.5,29321.5,27788.1,27946.5
97,Liberia,LBR,452.62,373.62,401.174,419.469,417.724,421.137,435.002,453.643,489.955,399.274,428.21,453.77,448.46,479.987,562.57,672.0,689.55,642.27,543.16,537.64,733.26,852.68,953.35,915.81,1217.8,1259.9,1410.29,1278.7,1127.9,1182.0
98,Libya,LBY,28597.6,28815.7,26339.1,30584.6,38642.5,43481.4,45428.7,42196.6,41895.2,43216.6,44717.8,44450.8,45590.2,48924.3,48462.2,52992.3,52919.0,49389.3,53269.4,56398.4,59553.5,41949.4,57625.6,58610.5,58001.8,51327.1,50951.0,55160.9,56621.5,56795.7
99,St. Lucia,LCA,188.0,196.1,298.7,289.2,311.0,335.2,342.0,345.5,391.1,394.4,385.9,421.9,433.4,445.8,448.7,443.5,475.7,482.5,494.7,1365.4,534.5,591.1,751.8,507.1,506.6,502.0,506.4,532.1,529.2,535.7
100,Liechtenstein,LIE,198.968,206.326,206.948,215.032,201.109,204.2,205.959,218.366,229.228,226.555,216.849,214.66,220.008,229.34,229.372,228.953,231.075,200.738,219.474,205.331,190.782,176.737,185.271,192.495,161.176,159.621,149.547,155.279,142.307,148.4
101,Sri Lanka,LKA,3839.2,3985.4,5248.3,5091.3,5766.8,5816.4,8355.3,8340.5,8608.4,9496.3,10928.9,10848.0,11385.2,12412.3,12868.2,13984.4,12404.9,13591.6,12810.7,12291.4,13071.8,15423.5,16847.0,14478.2,17599.4,20362.6,21926.6,23361.2,21691.3,23782.4
102,Lesotho,LSO,344.0,347.6,353.8,358.4,361.8,368.0,373.1,379.3,386.4,389.2,394.0,397.9,406.0,405.7,425.7,431.5,426.2,438.1,459.2,526.3,546.5,573.4,622.5,608.6,605.1,649.8,689.3,696.3,731.4,769.8
103,Lithuania,LTU,32215.2,34286.9,19982.4,15736.2,14812.4,13742.2,14232.2,13923.6,14706.4,12245.7,10514.2,11153.6,11221.7,11230.6,11914.3,12827.3,13017.3,13208.1,13064.5,11691.3,12603.7,11845.1,11926.5,11329.6,10863.6,11068.6,11202.4,11222.0,11652.5,11730.3
104,Luxembourg,LUX,11285.0,11753.4,11435.5,11645.3,10810.6,8659.9,8736.8,8242.2,7565.5,7920.3,8556.7,9118.5,9818.3,10241.6,11659.8,11912.9,11717.2,11114.4,11022.5,10442.8,11034.9,10903.8,10692.2,10153.0,9648.0,9134.2,8853.4,8997.8,9318.1,9489.2
105,Latvia,LVA,18777.4,17201.5,13974.8,11757.31,10223.5,8996.82,9009.4,8528.6,8132.5,7548.9,6929.57,7357.2,7352.2,7593.2,7616.5,7715.0,8199.9,8531.8,8105.9,7364.1,8518.1,7897.3,7570.7,7452.4,7282.3,7315.9,7145.3,7116.7,7785.2,7569.2
106,Morocco,MAR,21497.8,23119.0,24879.0,25577.0,27712.5,28791.8,28484.7,29903.8,30634.6,32198.7,32876.5,36273.0,37470.0,37251.1,40993.0,43579.9,44997.4,46353.8,48633.4,48752.9,51755.9,55942.7,58076.0,57592.2,58691.7,60411.5,60316.0,63522.7,64963.7,71479.0
107,Moldova,MDA,30532.1,24599.5,20322.2,17414.1,14138.2,12141.5,10402.7,9580.4,8649.1,7352.4,6709.6,7017.8,7182.4,7765.4,7775.9,8175.6,7975.1,8139.2,8150.0,7638.1,8295.1,8344.5,8137.3,7181.5,7712.2,8020.6,8143.0,8064.0,8540.0,8859.4
108,Madagascar,MDG,891.13,952.69,964.66,996.72,1213.12,1371.8,1308.3,1419.42,1626.94,1669.63,1654.02,1669.04,1121.93,1553.4,1645.54,1709.64,1637.09,1723.1,1780.34,1686.22,1869.8,2193.89,2741.74,2930.23,3010.62,3284.62,3181.72,3473.25,3350.17,4120.47
109,Maldives,MDV,156.7,159.6,225.1,202.6,204.6,261.4,281.6,338.3,311.0,429.9,462.8,482.0,615.4,529.4,746.6,721.3,874.8,866.5,870.5,911.8,958.3,1008.1,1140.9,1131.9,1368.2,1373.8,1756.7,1858.9,2103.4,2109.6
110,Mexico,MEX,269575.5,287995.8,291682.6,300667.5,326504.9,306842.3,322699.3,342478.6,365142.6,355178.5,379176.1,378830.7,386004.7,404692.3,414102.1,432187.5,448302.9,457121.2,459548.3,448372.7,462869.7,478403.7,486454.5,475737.7,462240.4,471632.9,473314.9,471578.7,452567.1,449266.1
111,Marshall Islands,MHL,0.0,0.0,80.2,85.0,88.6,92.7,93.6,93.3,95.5,95.5,102.9,106.5,116.3,114.2,128.5,136.8,138.3,141.4,133.2,136.6,140.1,140.5,138.6,142.7,145.5,150.1,175.6,179.5,179.0,179.5
112,North Macedonia,MKD,8591.3,8383.7,8544.9,8844.8,8548.7,8518.2,10060.3,8987.6,9838.3,9091.9,8756.6,8923.4,8370.3,9137.0,8839.3,9233.5,9219.3,9698.2,9479.1,8867.9,8644.6,9516.2,9048.1,8144.3,7699.4,7405.9,7296.1,7787.9,7302.4,8302.6
113,Mali,MLI,8.211,8.198,8.186,8.173,6.121,5.296,4.881,12.19,0.0,0.0,1406.3,1610.0,1397.8,1398.0,1475.0,1649.8,1890.5,2069.0,2084.7,2511.6,2783.6,3122.6,3106.1,3217.5,3376.0,3652.2,4666.3,5178.7,5473.7,5833.8
114,Malta,MLT,2314.6,2210.6,2169.1,2806.3,2507.0,2378.8,2324.3,2469.6,2374.5,2409.2,2129.2,2489.1,2318.4,2608.0,2598.0,2626.4,2650.6,2715.6,2724.3,2509.9,2586.6,2573.1,2715.6,2371.5,2356.3,1657.1,1352.3,1521.2,1552.5,1658.6
115,Myanmar,MMR,4083.0,4015.2,4278.2,4813.6,5647.4,6936.6,7309.6,7247.9,7913.0,8709.2,9440.5,8351.8,8302.1,10486.6,10150.0,10721.6,9973.6,10392.7,7898.2,7494.1,8131.3,8692.9,11964.0,13595.7,17038.0,19037.2,21860.8,32495.9,32942.3,36718.2
116,Montenegro,MNE,1915.34,1355.041,1483.274,1293.62,1256.653,1327.336,1552.994,1669.797,1757.58,1211.858,1520.843,1667.268,1766.249,1889.193,2041.278,2004.8,2179.3,2098.4,2693.3,1747.5,2584.2,2535.9,2331.6,2267.3,2218.4,2359.1,2150.7,2267.0,2500.3,2601.1
117,Mongolia,MNG,12968.1,14758.07,12858.42,11852.58,10323.84,10275.47,8690.27,8518.94,8548.7,8606.58,8996.67,8970.4,9604.46,9312.16,9561.28,11058.15,12419.2,13021.5,12974.4,13638.49,14311.1,15729.4,17141.5,18384.13,18122.0,17300.6,18172.8,19575.5,21545.7,23074.1
118,Mozambique,MOZ,1117.23,936.09,1097.38,1288.573,1096.88,1172.64,1161.72,1287.66,1241.68,1233.76,1426.9,1411.5,1570.9,1904.6,1910.0,1709.1,1861.0,2230.7,2238.7,2494.3,2680.6,3351.7,3679.1,4204.7,4861.6,5516.6,7282.0,7207.2,6948.1,7495.1
119,Mauritania,MRT,944.3,978.9,1013.6,1048.0,1067.1,1174.7,1228.5,1228.7,1244.1,1301.7,1267.5,1404.6,1549.0,1478.1,1639.1,1507.8,1727.1,1987.1,1899.5,2354.2,2402.2,2463.2,2729.3,2594.8,2902.6,3558.2,3262.5,3485.7,3685.2,3949.1
120,Mauritius,MUS,1164.1,1251.6,1323.3,1469.1,1514.2,1551.5,1614.1,1624.2,1791.6,2198.4,2431.9,2565.6,2612.6,2748.6,2770.3,2961.8,3304.2,3395.2,3466.8,3423.3,3661.8,3639.0,3725.0,3818.0,3949.4,3960.9,4035.5,4174.4,4133.9,4173.7
121,Malawi,MWI,554.84,637.39,633.54,717.5,737.78,747.43,737.52,774.99,746.94,794.02,712.67,684.29,682.12,747.32,768.45,763.08,784.05,830.14,960.86,981.15,885.7,929.52,946.96,976.33,846.8,925.0,1124.2,1187.06,1384.0,1453.7
122,Malaysia,MYS,54615.9,65096.1,67174.6,73044.4,79739.2,86309.9,98644.6,106015.1,105685.1,114454.6,124355.8,129458.6,136377.9,144488.9,158271.9,167419.3,174100.8,189938.7,202905.5,181928.6,200220.9,202740.2,205809.7,223662.4,236653.4,236537.3,235963.3,227617.9,244407.3,253266.5
123,Namibia,NAM,0.0,1117.9,1218.1,1414.6,1636.2,1773.4,1923.7,1973.5,2017.6,1979.0,1942.3,2459.7,2128.6,2265.8,2379.6,2525.5,2534.7,2619.7,2949.3,3019.5,3129.6,3326.4,3526.8,3785.2,3948.3,4198.4,4126.9,4266.5,4225.1,4216.0
124,Niger,NER,568.411,539.298,503.67,573.65,549.43,528.72,613.4,615.49,667.97,653.55,667.17,665.63,696.66,760.67,794.29,759.56,753.94,819.96,863.94,1084.57,1371.24,1405.04,1894.88,1967.19,2146.137,2112.76,2108.56,1913.56,1953.25,2148.95
125,Nigeria,NGA,72771.5,81929.1,91809.6,86240.3,78328.7,86167.8,100231.1,98650.5,88703.0,87019.9,97218.4,101948.5,92240.1,100997.8,98727.6,98721.6,88769.9,81124.6,86933.9,76949.2,90057.1,94998.0,95336.5,108133.4,114832.0,107762.8,110833.9,108497.8,109885.2,115278.1
126,Nicaragua,NIC,1933.9,1919.1,2235.4,2198.7,2525.4,2652.7,2816.6,3020.1,3519.2,3541.6,3768.0,3925.5,4062.9,4562.7,4531.9,4338.7,4547.6,4696.3,4503.0,4394.5,4513.2,4766.2,4686.0,4473.3,4758.6,5271.2,5379.7,5475.4,5114.0,5236.1
127,Netherlands,NLD,148378.9,154508.4,153252.9,158154.8,157259.2,164106.4,173623.4,166310.9,166734.4,161446.1,162096.7,167116.1,167429.4,170362.8,172116.5,167926.0,163702.7,164550.6,165221.9,160488.3,171110.5,158768.0,157473.4,157090.2,149793.4,157410.6,158535.4,155757.8,151363.1,146341.0
128,Norway,NOR,29305.4,27325.3,30197.9,32428.6,34412.4,34389.2,34597.1,36543.5,37887.5,39699.7,34293.6,34717.8,34366.3,37169.9,37340.3,36351.3,37195.5,37746.8,36871.5,37425.5,41413.7,39601.6,38490.0,39503.6,39113.4,39495.0,38764.5,37716.6,37593.4,35946.4
129,Nepal,NPL,938.8,1182.25,1234.16,1409.8,1744.5,1895.7,1959.1,2191.37,2315.7,3123.7,3221.0,3464.6,2786.7,3021.8,2809.6,3188.6,2616.1,2693.6,2994.9,3882.8,4640.9,5199.2,5997.8,6087.8,7132.2,7186.2,10411.7,12483.3,15190.8,13448.2
130,Nauru,NRU,126.3,126.6,120.7,114.5,111.4,108.4,102.1,102.4,99.5,93.4,88.1,80.7,78.1,68.8,69.0,72.0,48.8,44.3,42.3,40.2,42.5,40.0,41.9,47.4,51.1,55.9,63.2,67.3,64.0,64.2
131,New Zealand,NZL,22310.7,22629.7,24380.0,23960.3,24225.9,24325.8,25412.8,27689.0,27180.8,28612.9,29455.0,31618.8,31543.1,33397.6,32836.1,34232.2,34265.9,33270.5,34165.4,31169.7,31049.3,30290.7,32107.4,31885.5,31970.7,32281.2,31185.7,32927.4,32355.4,34008.7
132,Oman,OMN,11919.0,15720.6,14921.9,15175.2,16194.9,18869.5,19382.0,20022.9,19518.3,21978.1,25114.0,28031.2,29970.9,31699.1,31255.6,31013.0,39186.1,42261.4,41313.5,43594.2,47075.6,53619.5,60548.4,63014.3,66385.5,70130.6,72126.3,71926.0,75603.6,76026.8
133,Pakistan,PAK,59026.0,60305.8,66977.8,73749.6,76253.6,82737.2,85821.1,89362.5,90190.3,98773.3,98374.1,99837.2,102325.6,105663.5,118650.6,121672.7,132480.2,146256.3,142164.2,145137.9,140618.6,141700.0,143809.1,146063.7,154235.2,164132.3,181113.3,198828.7,187313.6,190570.8
134,Panama,PAN,2692.9,3124.7,3635.4,3795.2,4036.9,4355.5,4406.3,4637.5,5721.6,5012.9,5282.7,6216.5,5410.0,5525.3,5609.5,7116.4,7490.3,7484.3,7297.5,8698.5,9190.6,9994.1,10461.6,10252.3,10758.1,10699.1,10768.7,10128.6,10058.4,13344.2
135,Peru,PER,20875.5,20266.8,21034.0,21801.5,22538.3,25650.1,28062.4,27959.1,26970.5,29072.5,28634.3,26537.3,27731.1,27157.8,31237.2,31291.9,30843.8,33808.4,38292.6,41170.6,44998.5,48427.5,48120.7,49752.0,53167.9,54553.7,56860.4,54274.3,54590.0,56746.3
136,Philippines,PHL,41076.7,40647.0,44017.9,47795.7,51513.4,61747.5,67220.5,74791.3,74219.3,71575.2,72104.9,70482.2,71571.1,73633.1,75139.8,76669.7,69466.0,73223.2,75147.3,76295.5,81932.4,82625.2,86183.1,95504.2,101822.5,111005.4,121960.7,133500.4,138568.0,145418.6
137,Palau,PLW,0.0,0.0,197.6,198.2,198.6,197.7,199.0,201.9,203.4,204.0,211.8,216.1,217.5,216.0,234.6,260.9,253.1,238.8,212.9,203.5,213.7,211.6,221.3,221.8,219.8,206.1,249.2,256.1,250.9,251.7
138,Papua New Guinea,PNG,2168.6,2176.6,2179.8,2212.7,2056.1,2132.1,2232.4,2401.9,2653.4,2603.3,2828.7,3388.1,3612.6,4077.0,4947.0,4929.4,4778.1,5045.2,4759.4,5025.1,5018.8,5156.7,4890.8,5239.7,5887.2,6511.2,7664.4,7609.7,7559.2,7582.0
139,Poland,POL,350214.6,351624.9,343368.4,344016.4,339752.2,340003.8,355320.2,344627.0,318414.1,308978.1,295774.4,293627.4,287320.3,297730.8,301854.0,301353.0,314093.0,313375.4,308325.3,297260.3,313739.1,310593.6,303351.4,298304.4,285730.0,289077.4,299802.4,312863.9,311910.1,295132.2
140,"Korea, Dem. People's Rep.",PRK,123328.5,117344.2,104693.1,96707.3,88752.6,83420.3,74007.5,67517.9,60938.6,66575.4,71822.9,74385.1,71198.0,72737.2,74322.7,77588.2,78939.1,65633.8,72831.5,55361.9,51620.8,37098.9,38483.4,27629.1,31225.3,25102.5,29998.3,54287.0,50528.3,56042.4
141,Portugal,PRT,41068.6,42767.7,46774.0,45792.8,47302.9,50693.2,48742.5,50931.6,55600.6,62207.6,61661.2,61383.6,65604.9,60523.6,62128.8,65473.8,60448.0,58797.6,56844.4,56299.6,50937.3,49867.9,48220.3,46555.2,45931.1,49851.9,48757.4,53331.0,49504.6,44638.6
142,Paraguay,PRY,2072.2,2020.3,2474.6,2817.6,3335.1,3781.2,3723.0,4107.2,4266.9,4266.3,3524.3,3614.8,3775.4,3937.6,3973.7,3698.5,3954.6,3720.5,4323.2,4567.9,5043.3,5218.0,5177.4,5301.2,5628.0,6367.5,7182.1,8061.6,8472.2,8213.7
143,Qatar,QAT,12543.4,14984.8,14677.6,16614.4,18490.5,19047.4,20941.6,25391.5,26501.7,29001.3,28664.9,28649.5,32495.1,34743.1,37073.3,38535.7,43771.4,49833.3,53042.7,54066.6,60584.3,68192.9,75078.9,76171.4,81664.2,84776.3,86919.8,87540.2,86416.9,91967.4
144,Romania,ROU,172633.6,142755.2,126185.7,117700.1,115163.7,120876.0,124207.1,113608.4,99538.2,84990.9,89021.6,95230.0,93739.2,98144.4,95345.7,94714.2,99260.6,96734.7,95421.4,80711.5,77617.3,84064.9,81847.0,72093.7,71542.1,73317.5,71588.2,74210.7,75193.7,73948.3
145,Russian Federation,RUS,2163533.0,2136444.0,2030812.0,1880246.0,1685048.0,1635486.0,1601178.0,1489508.0,1487966.0,1523723.0,1563847.0,1567174.0,1565336.0,1609999.0,1600980.0,1611984.0,1654853.0,1658151.0,1655193.0,1546668.0,1617829.0,1699085.0,1675757.0,1632681.0,1611961.0,1592560.0,1571518.0,1594551.0,1661001.0,1703590.0
146,Rwanda,RWA,549.425,497.496,504.637,507.896,466.248,458.85,481.07,507.059,505.043,528.71,542.955,557.73,557.763,549.213,555.203,552.123,552.52,579.017,564.656,589.137,604.777,678.492,748.092,813.665,863.125,984.592,1163.59,1192.259,1287.43,1332.816
147,Saudi Arabia,SAU,171407.1,187931.5,202038.1,203256.5,206361.0,204832.0,217654.0,220074.5,233900.4,239521.9,249656.5,254085.8,272252.7,284830.1,299891.0,315294.9,335436.2,354619.4,389715.4,406528.6,446133.4,463765.6,492468.1,503214.7,540521.2,565191.2,561230.9,545070.8,521256.8,523778.5
148,Sudan,SDN,5365.69,4803.48,4530.7,3210.8,4696.41,4507.9,4307.1,5244.9,4767.34,5305.12,5690.74,6254.93,7713.9,7931.9,8827.8,10496.0,12897.05,13963.4,14953.16,15480.7,16421.0,15923.7,15796.7,15216.3,16115.1,18708.1,21130.8,20961.6,20861.9,20622.8
149,Senegal,SEN,2326.3,2334.7,2568.3,2505.6,2606.2,2761.2,2927.3,3215.0,3597.4,3960.7,4063.7,4455.4,4579.6,4486.4,5390.2,5666.2,5569.4,6202.1,6436.1,6666.2,7026.2,7571.4,7454.6,8013.0,8572.0,9285.5,10132.8,9800.8,10176.6,10616.6
150,Singapore,SGP,28970.0,30474.9,31410.9,36164.2,37978.8,37581.9,38520.1,38161.6,37047.1,37802.1,42117.5,42031.3,41290.8,38157.7,39618.8,36901.4,37171.6,38286.0,38423.6,38831.8,42413.6,44766.9,43692.3,43912.3,44398.5,45431.9,46100.8,49141.3,47397.0,47378.6
151,Solomon Islands,SLB,152.9,160.1,168.3,177.3,190.0,196.9,206.0,213.4,220.6,228.1,235.7,246.1,258.0,269.3,308.3,339.1,336.4,335.3,323.2,331.7,341.1,354.2,354.4,390.2,344.0,311.9,357.3,354.7,356.4,357.5
152,Sierra Leone,SLE,317.2,341.4,324.6,326.5,349.7,235.6,310.0,228.6,247.4,197.0,332.4,441.6,496.7,549.0,531.5,446.0,590.4,502.9,519.1,517.2,559.4,735.3,860.2,1038.9,1146.6,907.8,932.5,939.5,855.2,898.9
153,El Salvador,SLV,2383.3,3066.3,3353.9,3923.3,4459.3,4961.4,4389.9,5319.2,5666.2,5606.0,5631.6,5868.6,5935.3,6510.2,6676.8,6836.3,7235.0,7629.0,6909.8,6676.8,6539.2,6778.7,6771.6,6455.8,6592.2,7001.5,7171.6,6383.7,6810.4,7797.8
154,Somalia,SOM,733.12,705.299,682.33,641.22,631.6,596.89,574.0,545.3,517.8,498.0,485.3,508.5,570.0,575.9,576.3,580.0,581.5,623.2,618.3,613.8,630.4,632.9,629.7,654.5,651.0,650.7,658.3,658.6,659.2,693.7
155,Serbia,SRB,61906.5,52202.4,47991.9,42718.1,38904.6,44548.9,51652.1,56314.9,56209.7,40010.1,43985.4,45002.8,48581.2,52145.0,56345.3,50685.1,53009.0,51463.6,49825.9,46874.8,47103.9,51230.2,45790.2,46472.5,38958.7,45389.2,46621.2,47339.3,46127.3,45946.1
156,South Sudan,SSD,433.885,406.424,363.402,250.506,344.484,356.079,367.368,449.752,389.947,422.901,459.821,529.084,674.322,753.349,951.984,912.013,998.668,1173.199,1239.105,1290.671,1313.25,1281.212,1418.6,1453.1,1526.0,1969.4,1730.2,1515.6,1547.5,1703.3
157,Sao Tome and Principe,STP,46.3,46.4,44.2,44.8,46.5,47.4,47.4,47.4,50.9,50.9,53.4,53.4,58.2,65.7,74.4,79.9,81.7,81.7,88.4,93.7,102.7,100.5,119.4,122.2,120.2,124.5,129.5,135.1,138.1,145.4
158,Suriname,SUR,1759.988,2045.742,2053.032,2060.322,2069.303,2087.581,2109.524,2131.466,2131.424,2149.693,1480.42,1520.56,1115.66,1233.96,1392.96,1687.26,1529.27,1411.28,1455.49,1446.77,1744.87,1952.73,2441.63,2289.81,2620.0,2724.1,2954.886,2495.63,2206.03,2648.93
159,Slovak Republic,SVK,54811.8,47938.2,46096.2,44319.9,41702.0,42370.6,42174.1,42273.5,41403.5,40660.1,38072.2,38577.0,38065.4,38331.2,37430.5,38518.3,37873.3,37190.3,37097.2,33908.9,35432.2,34116.9,32347.1,32920.4,30438.1,30753.7,31500.7,33579.0,33003.3,31076.3
160,Slovenia,SVN,13528.8,12737.4,12825.4,13556.2,13606.0,14470.0,15290.0,15725.6,15503.1,14910.0,14541.7,15380.1,15524.6,15413.0,15699.6,15916.5,16293.7,16283.4,17360.1,15509.2,15777.2,15700.8,15123.6,14548.1,13112.7,13139.7,13903.0,14123.7,14072.9,13599.8
161,Sweden,SWE,53346.2,54236.3,56745.9,56504.9,58488.8,58230.9,63647.4,57381.6,58363.4,57264.9,53277.5,52497.3,54023.7,55202.7,53593.3,50206.2,48896.3,47136.3,46149.2,42879.2,48130.9,44578.2,42138.6,40536.0,39084.6,39192.4,38782.4,38291.8,36013.1,35001.7
162,Eswatini,SWZ,555.7,563.2,583.8,592.7,613.8,625.2,456.4,592.5,615.1,682.5,692.6,610.8,615.9,627.8,630.9,656.0,650.6,664.2,628.5,699.3,653.2,657.3,683.8,751.3,749.0,765.0,843.3,886.2,914.9,963.0
163,Seychelles,SYC,152.8,174.7,175.7,187.7,206.9,203.4,238.1,277.3,293.9,307.9,292.9,323.0,351.7,341.5,382.4,381.6,388.9,404.2,417.4,447.8,443.1,408.4,426.4,415.5,467.0,511.7,576.1,580.2,581.1,611.9
164,Syrian Arab Republic,SYR,32388.0,35765.9,35151.4,35882.2,37441.6,38978.5,42022.8,42072.5,44630.7,43872.1,44400.9,44728.8,44267.2,44378.6,46364.2,57220.3,60213.8,63604.5,65275.9,60696.7,61090.6,56917.3,47027.4,30702.8,26610.1,25266.9,26342.7,29340.8,27390.5,25714.2
165,Chad,TCD,390.6,396.8,409.5,409.6,425.4,438.1,447.5,466.5,473.0,488.7,292.7,343.8,401.5,449.6,446.0,475.2,509.3,500.1,544.0,790.7,1240.4,1096.065,1857.03,2186.26,2260.3,2385.7,2207.27,2146.0,2190.8,2247.7
166,Togo,TGO,977.6,925.5,746.0,633.1,906.9,977.4,1356.6,763.7,1199.6,1708.2,1269.0,1178.1,1344.2,1833.8,1778.2,1748.1,1569.6,1503.7,1568.8,2824.7,2630.1,2515.6,2235.8,1749.0,1588.5,1825.6,2300.0,2068.9,2311.1,2365.4
167,Thailand,THA,89215.8,98069.4,107952.2,122721.7,137065.0,155783.3,174714.0,177942.8,156789.9,163786.0,164491.4,173156.6,184243.9,191925.5,210189.9,217766.8,219883.7,224591.7,227583.7,220260.1,234378.3,233598.5,250676.0,260700.9,256796.0,264002.3,261595.2,258815.5,257051.7,267089.1
168,Tajikistan,TJK,11018.2,10171.7,7686.2,5167.3,3035.37,2508.62,2240.2,2513.44,2765.715,2544.59,2200.97,2150.05,2133.81,2175.1,2597.02,2471.2,2686.5,3267.8,3041.06,2405.15,2446.9,2564.2,3015.2,3195.1,4583.6,4904.8,6094.3,7367.6,8677.1,9417.6
169,Turkmenistan,TKM,44646.3,37788.5,28099.3,26972.0,33545.0,33989.8,30609.0,30502.5,31838.6,37688.1,38507.6,39123.1,41410.8,46350.3,49365.3,50592.6,51916.6,58482.4,59279.8,52386.8,59175.1,65454.3,69014.7,70224.3,71401.2,73398.4,73337.5,73122.0,73053.1,72866.8
170,Timor-Leste,TLS,0.0,0.0,0.0,0.0,0.0,0.0,0.0,0.0,0.0,0.0,0.0,0.0,168.9,167.8,196.6,208.0,204.7,204.6,210.1,234.2,242.9,251.2,299.5,458.3,529.9,524.7,601.6,613.8,613.5,615.4
171,Tonga,TON,80.0,93.1,76.9,86.3,92.3,99.0,81.0,94.2,94.9,113.9,103.0,94.8,101.9,123.7,126.4,134.8,149.3,128.0,127.3,137.4,117.2,106.9,109.0,115.1,114.5,115.8,152.0,184.0,162.4,162.9
172,Trinidad and Tobago,TTO,13153.1,13045.8,13145.9,10722.8,8792.6,8618.6,9194.9,9690.6,9924.0,9899.8,10204.6,11621.0,12678.4,15452.9,16104.5,17590.2,20062.4,20496.2,20023.3,19043.0,21455.8,22255.1,21518.9,22208.6,22036.1,21334.6,18310.7,18246.6,17779.0,17186.7
173,Tunisia,TUN,14535.5,15030.7,16109.4,16413.9,16418.8,16780.4,17315.3,17875.5,18659.8,19664.4,20697.1,21573.3,21705.5,21496.0,22480.5,22972.0,23896.6,24745.2,25251.3,25293.8,27518.0,26344.1,27787.2,27849.8,29952.9,30476.2,29606.4,29957.0,29886.5,29908.4
174,Turkiye,TUR,139197.9,143796.1,149797.2,155579.5,153823.1,168150.5,185337.7,193428.4,193687.6,192651.4,216396.5,197771.1,208107.6,219158.6,224601.2,235003.0,261083.6,288967.8,287195.0,287827.2,297114.0,317721.2,328877.8,318168.6,340641.5,351593.8,374589.0,415898.2,411731.9,396842.9
175,Tuvalu,TUV,6.4,6.7,7.3,7.6,8.3,8.9,6.9,7.9,10.9,7.6,8.0,9.9,9.2,8.6,9.1,9.7,12.2,14.2,9.6,10.7,9.9,10.2,9.8,8.8,10.1,8.0,9.1,10.5,11.0,11.0
176,Tanzania,TZA,1892.2,1865.7,1859.5,1915.9,1910.0,2734.8,3070.5,2887.3,2692.6,2516.6,2946.4,3128.3,3565.8,3763.2,5075.3,5660.0,6052.1,5909.7,6079.3,5925.4,6913.0,8187.4,9867.3,10806.7,10713.4,11688.0,11196.4,11834.7,12004.4,12454.0
177,Uganda,UGA,785.735,806.39,815.06,813.92,725.72,952.5,1048.41,1110.09,1263.27,1290.6,1297.6,1303.9,1486.2,1567.2,1629.6,2024.0,2399.5,2868.2,2971.8,3357.3,3332.0,3744.2,3777.1,3694.3,4112.2,4715.2,4948.1,5172.4,5862.9,5862.1
178,Ukraine,UKR,688618.9,651932.0,574642.6,499314.9,415669.9,399250.1,346111.3,328244.8,309288.0,305725.1,297376.8,300552.9,303940.8,330228.5,307135.6,295405.2,303989.4,312141.5,301195.3,251616.6,268924.6,283342.4,277110.2,270268.6,237728.6,191067.7,201655.3,174938.3,185623.7,174731.8
179,Uruguay,URY,3848.7,4371.7,4768.6,4490.1,4266.2,4687.9,5450.5,5558.4,5777.4,6783.2,5458.5,4946.3,4530.6,4486.1,5459.9,5415.8,6332.1,5854.7,7750.1,7665.9,6283.8,7605.9,8517.7,7357.6,6500.4,6640.6,6524.3,6103.8,6544.1,6490.1
180,United States,USA,4844519.0,4807499.0,4879628.0,4995211.0,5066805.0,5117038.0,5273488.0,5543351.0,5590538.0,5609019.0,5775808.0,5748263.0,5593026.0,5658993.0,5738287.0,5753494.0,5653082.0,5736320.0,5558380.0,5156427.0,5392112.0,5173595.0,4956058.0,5092102.0,5107214.0,4990709.0,4894503.0,4819370.0,4975307.0,4817719.0
181,Uzbekistan,UZB,117767.7,118584.8,113076.8,114593.0,108876.6,98154.7,99600.4,100732.4,116264.4,116489.7,123807.0,125697.9,129891.5,121908.3,124841.0,119191.1,127357.1,122580.7,128884.3,116532.6,126240.6,128633.8,113140.3,111856.6,104872.6,99174.3,105232.9,109531.4,112474.5,116707.2
182,St. Vincent and the Grenadines,VCT,80.6,87.0,117.3,125.0,136.6,151.3,147.9,156.3,193.8,189.0,163.7,204.5,228.4,234.2,245.7,247.9,251.0,269.8,254.9,885.8,246.0,265.0,357.1,226.6,267.9,246.9,255.7,225.6,252.9,256.1
183,"Venezuela, RB",VEN,101630.8,100993.7,103108.6,107388.5,106529.5,114037.2,121836.0,127590.8,129301.2,125459.6,131517.7,135801.2,140748.2,135770.8,139607.3,147375.0,147532.8,142389.2,151112.9,152587.1,164102.4,160040.6,181131.2,180425.3,179239.1,163129.7,151065.4,140822.4,132127.8,112341.6
184,Vietnam,VNM,19327.9,19796.6,20812.9,24244.9,26682.4,31401.0,35033.5,40843.0,45473.9,46412.8,51207.7,56722.4,66495.9,70903.8,85051.8,92368.7,94869.8,105137.5,117585.1,132290.0,151413.5,155973.4,155522.9,164297.5,180871.8,220654.1,223715.9,230446.8,285602.1,336491.8
185,Vanuatu,VUT,66.9,66.9,63.7,63.7,63.6,66.8,85.6,89.1,82.8,89.4,89.4,93.1,83.0,87.2,66.5,70.9,68.1,112.3,101.0,126.8,126.5,133.6,120.1,112.2,160.4,137.8,181.3,169.5,210.2,210.8
186,Samoa,WSM,89.0,97.8,103.0,112.5,103.4,116.6,131.5,129.1,146.1,145.1,148.8,162.8,170.5,169.5,188.5,206.1,196.0,199.1,169.5,175.5,191.4,195.1,197.4,197.3,209.3,238.2,295.7,306.8,294.5,295.4
187,"Yemen, Rep.",YEM,6642.3,8498.5,9130.0,8552.4,9339.6,10531.7,10799.1,11640.7,12455.4,14059.0,15030.6,16065.3,16093.7,18699.7,19628.8,21105.7,21918.6,23270.3,24216.3,26568.8,25432.0,22950.2,21012.5,27825.1,27430.0,13552.2,10852.1,10013.8,9719.7,11095.0
188,Zambia,ZMB,2740.8,2876.2,2848.0,2514.4,2143.8,2129.5,1761.9,2285.5,2173.0,1764.0,1807.2,1835.28,1922.95,2084.2,2106.2,2293.1,2177.5,1981.6,2185.9,2485.2,2656.9,3050.7,4030.3,4238.6,4686.0,4956.6,5315.3,6810.7,7731.0,6803.9
189,Zimbabwe,ZWE,16535.5,18301.0,18469.6,17075.6,15960.5,15483.6,14862.0,13826.1,14073.1,15818.1,13696.1,13897.3,12485.7,10177.6,9767.7,10513.1,9829.3,9764.7,7601.5,7754.3,9603.5,11409.6,12014.3,12284.0,12077.9,12432.8,11017.1,10335.5,12382.2,11759.9
